{
  "baseline": {
    "auroc": 0.847883218357651,
    "s_d": 0.5734783182776538,
    "s_o": 0.45138933644496204,
    "acc_small": 0.6377,
    "acc_large": 0.7558
  },
  "0.1": {
    "auroc": 0.7694370783088335,
    "s_d": 0.07812873500723852,
    "s_o": 0.8222221883743849,
    "acc_small": 0.0201,
    "acc_large": 0.7558
  },
  "0.3": {
    "auroc": 0.8336254479604432,
    "s_d": 0.47039890221795944,
    "s_o": 0.4867567017118525,
    "acc_small": 0.5703,
    "acc_large": 0.7558
  },
  "0.5": {
    "auroc": 0.8428609564147355,
    "s_d": 0.5308201653553555,
    "s_o": 0.4691395185581233,
    "acc_small": 0.6216,
    "acc_large": 0.7558
  },
  "0.7": {
    "auroc": 0.849897874896554,
    "s_d": 0.5871170037313169,
    "s_o": 0.4470944568501905,
    "acc_small": 0.6354,
    "acc_large": 0.7558
  },
  "0.9": {
    "auroc": 0.8362488620429296,
    "s_d": 0.585754945951709,
    "s_o": 0.4714960629921262,
    "acc_small": 0.635,
    "acc_large": 0.7558
  }
}